{"cameraMode":{"drawMode":0,"name":"Shaded","section":"Shading Mode"},"sceneLighting":true,"audioPlay":false,"sceneViewState":{"showFog":true,"showMaterialUpdate":false,"showSkybox":true,"showFlares":true,"showImageEffects":true,"showParticleSystems":true},"in2DMode":false,"pivot":{"x":179.3458709716797,"y":-76.83897399902344,"z":151.96978759765626},"rotation":{"x":-0.25239038467407229,"y":-0.5633435845375061,"z":0.18599757552146913,"w":-0.7644306421279907},"size":87.24443817138672,"orthographic":false}