{"cameraMode":{"drawMode":0,"name":"Shaded","section":"Shading Mode"},"sceneLighting":true,"audioPlay":false,"sceneViewState":{"showFog":true,"showMaterialUpdate":false,"showSkybox":true,"showFlares":true,"showImageEffects":true,"showParticleSystems":true},"in2DMode":false,"pivot":{"x":280.0970458984375,"y":17.63690757751465,"z":193.61495971679688},"rotation":{"x":-0.05109776556491852,"y":0.9438033699989319,"z":-0.2758045196533203,"w":-0.17486485838890077},"size":-0.6168440580368042,"orthographic":false}